{
    "balanced_accuracy_score": 0.3334814580006888,
    "precision_score": 0.8877995642701525,
    "recall_score": 0.8877995642701525,
    "f1_score": 0.8877995642701525
}